Time_s,Phase,World_X,World_Y,World_Z,Force_Mag_N,Force_X_N,Force_Y_N,Force_Z_N,Torque_X_Nm,Torque_Y_Nm,Torque_Z_Nm,TCP_X,TCP_Y,TCP_Z,TCP_Rx,TCP_Ry,TCP_Rz,Rod_Length_m
5.964228868484497,Phase_0_Cal_Plunge,0.1007239335609144,-0.5981650848109512,0.30094999664312844,0.5694940405793871,-0.2044472756801917,-0.4486114824754233,0.28508334134703006,0.001390956542822045,0.008933519172261348,0.0060546611621055055,-0.14158120697571894,-0.5981650848109512,0.2840263598731307,-1.7559019046199038,-1.759184966362423,0.7331876654434283,0.19185923498265078
6.064867258071899,Phase_0_Cal_Plunge,0.10087280504267734,-0.5982238759386719,0.2985861758885289,1.8333724102800846,-0.2623868203500117,-0.48896477285428225,1.7473754611388985,0.034612008876620276,0.111705407629112,0.004456501620472323,-0.13980446525635226,-0.5982238759386719,0.28246015422232373,-1.7557498735335044,-1.7594206477882293,0.7334026458038749,0.19185923498265078
6.1658852100372314,Phase_0_Cal_Plunge,0.10074115821256095,-0.5981646442104595,0.29353178916261197,0.8297031479537844,-0.30836467657912336,-0.5744992625548473,-0.513097590412008,0.028826305496277276,-0.03346721686441554,-0.015016282810537024,-0.13632356249401412,-0.5981646442104595,0.27879307472739157,-1.755897333759838,-1.759236416690919,0.7331173988657128,0.19185923498265078
6.267223596572876,Phase_0_Cal_Plunge,0.10075113285372843,-0.5981724435655705,0.2884718782153023,0.9003933068998103,-0.570602170679392,-0.6538024580820405,0.2401324962012089,0.01280050418799926,0.0244734493736905,0.007113016456374386,-0.132738612014562,-0.5981724435655705,0.2752222305207583,-1.7558104836089043,-1.7592305024226003,0.7332296529651741,0.19185923498265078
6.368352651596069,Phase_0_Cal_Plunge,0.10070523427741673,-0.5981786129407723,0.2835084569041647,0.7503736057379249,-0.5112821575882437,-0.4200688503035692,0.35382660234171587,0.014475244813839803,0.006083154843134424,7.853975373338596e-05,-0.12926139834212758,-0.5981786129407723,0.27168010645921026,-1.755921689993072,-1.759128879178063,0.7331987952507761,0.19185923498265078
6.469208002090454,Phase_0_Cal_Plunge,0.10072338526783227,-0.5981592944977391,0.2784081062065434,0.7943780288468455,-0.3991741011646738,-0.6420719565324098,0.243803388632352,0.017206632867495235,0.010690685211534592,0.005352690374761872,-0.12564207108900194,-0.5981592944977391,0.26808644858290076,-1.755842346728932,-1.759124226093317,0.7332453459180748,0.19185923498265078
6.57011866569519,Phase_0_Cal_Plunge,0.10070635951398776,-0.5981736722625225,0.2733535495264251,0.6431799143831026,-0.1742936613605267,-0.5295279554019274,-0.32078383114373393,0.02225780078334229,-0.0260683651713343,-0.0006648588884473986,-0.1220799988105968,-0.5981736722625225,0.2645002982524991,-1.755865161690548,-1.759199963318053,0.7331338447289099,0.19185923498265078
6.671078205108643,Phase_0_Cal_Plunge,0.10072570469099111,-0.5981766653776348,0.2682833340087108,0.7241848878138855,-0.46416269103303687,-0.38970769047860754,0.3963895356499831,0.010166727740637007,0.015312329176670105,0.0062727536201235045,-0.11848113593010144,-0.5981766653776348,0.26092879358368837,-1.755827563654612,-1.7591912317337315,0.7332090839564908,0.19185923498265078
6.771965980529785,Phase_0_Cal_Plunge,0.1007251273360987,-0.5981831430465478,0.2631829553954478,0.8393691733798517,-0.14632299078254082,-0.8036397756238373,0.1931147395309239,0.019846619750409425,-0.009348173910954102,0.008596225988187102,-0.11487503187760391,-0.5981831430465478,0.2573218730280717,-1.7557019052532985,-1.759311795691839,0.7331160417212316,0.19185923498265078
6.873352527618408,Phase_0_Cal_Plunge,0.10066411736347079,-0.5981802416140353,0.25817693715556117,0.9139791855646464,-0.5273833233866115,-0.7197278507559429,0.19803182245623577,0.018237879684902546,0.016733136196042143,0.023046729018941392,-0.11137838299880172,-0.5981802416140353,0.2537389430185391,-1.7558882431723961,-1.7590671408780758,0.7331525679399368,0.19185923498265078
6.974390506744385,Phase_0_Cal_Plunge,0.10066897489307275,-0.598147140533035,0.25314017049385446,4.208688059442743,-3.604701995578637,-2.0729090351738058,-0.6497898403808045,0.033899067966752766,0.029386570866103242,-0.02964183979260842,-0.1078134163449332,-0.598147140533035,0.2501808459489133,-1.7558231364375494,-1.759159906610879,0.7330578402048537,0.19185923498265078
7.075995206832886,Phase_0_Cal_Plunge,0.10070734821507249,-0.5981659830760011,0.24810584562110977,4.103892613379248,-3.5844260826932723,-1.9971116560942428,-0.07327532292272622,0.035281425314037315,0.04438518433346267,-0.021926270961241206,-0.10422647705251668,-0.5981659830760011,0.24664817472890213,-1.7559070198593034,-1.7591299678339791,0.733215868368513,0.19185923498265078
7.177176237106323,Phase_0_Cal_Plunge,0.1006845963464245,-0.5981790056602044,0.24298368468552012,4.087671697929588,-3.5586490126403794,-2.007605108847653,-0.12082566704562551,0.03914271293269423,0.028342571390531115,-0.0067807276711893336,-0.10062065032123806,-0.5981790056602044,0.2430101719964122,-1.7559558941181335,-1.759108293932113,0.7331606788084196,0.19185923498265078
7.278388261795044,Phase_0_Cal_Plunge,0.10075621615990311,-0.5981742769274219,0.23797283347366593,0.6639012229714562,-0.33500534099755475,-0.49616736565603303,0.28697421595686884,0.015824683990105833,0.0080331666046091,0.02148071800802194,-0.09702680059404109,-0.5981742769274219,0.23951760798077132,-1.7558268138463209,-1.7592473045460442,0.733240516058201,0.19185923498265078
7.379414319992065,Phase_0_Cal_Plunge,0.10069813769530862,-0.5981599483866815,0.23289175038458781,0.6656013816114574,-0.23439947610692377,-0.5633255822902374,0.26598190378528697,0.011438861069544946,0.004911025092949017,0.00039067958557066797,-0.09347499996213733,-0.5981599483866815,0.23588367199655622,-1.7558359574959101,-1.7591498649441715,0.7331612653573872,0.19185923498265078
7.480446100234985,Phase_0_Cal_Plunge,0.10071356382283499,-0.5981611549786753,0.22786365543904955,0.4281554728133285,-0.28818319453191016,-0.23936515465021935,0.20729659434892958,0.013654943540330049,0.005439184035275699,-0.02371860231299637,-0.08990869201031608,-0.5981611549786753,0.23233917988349764,-1.7558126342334992,-1.7592064738436672,0.7331371221926264,0.19185923498265078
7.581451892852783,Phase_0_Cal_Plunge,0.10070482599970888,-0.5981701975487547,0.22278517580917662,0.22603057511860303,-0.16983002748478795,-0.11229962393380412,-0.09816505038601459,0.015288418065249445,-0.0011960014077391386,-0.002395420060135596,-0.08632384319990047,-0.5981701975487547,0.22874197392511147,-1.7559197937049955,-1.7591650606254714,0.7331552515054376,0.19185923498265078
7.6830809116363525,Phase_0_Cal_Plunge,0.10063947185399445,-0.598154754434717,0.2176369555230719,0.8871999561981412,-0.46849745287295913,-0.7175322309847021,0.22974202146679498,0.013137862072054408,0.008253374808379423,0.011703157395961785,-0.082729714084167,-0.598154754434717,0.22505542009015136,-1.7558390597073503,-1.7591323496828584,0.7330257975422189,0.19185923498265078
7.784421682357788,Phase_0_Cal_Plunge,0.10069126126156275,-0.5981708911534566,0.21262874672369259,0.8940012408881783,-0.47365549845193217,-0.7518831198332594,0.09777761300859673,0.009021147802647988,-0.005439414687235428,0.007343959633748288,-0.07915175503924259,-0.5981708911534566,0.22155070232779728,-1.755700202063628,-1.7592359015458445,0.7331139973845193,0.19185923498265078
7.885875940322876,Phase_0_Cal_Plunge,0.10070971208970073,-0.5981643976778884,0.20753858932209995,0.49220650775587393,-0.2006611420126559,-0.3968257007262111,0.21102539090488967,0.013553091076081195,0.0013872174390490636,0.007865327968161352,-0.07553942351757466,-0.5981643976778884,0.2179644642175191,-1.7557670580827243,-1.7592207927696253,0.7331545482600137,0.19185923498265078
7.98740553855896,Phase_0_Cal_Plunge,0.10072759438345556,-0.5981837274904344,0.2025084250392115,0.8705619273289884,-0.45474571620996346,-0.6276622057966083,0.3963894023785027,0.018570859755319552,0.0077817365932673155,-0.0007660100871724491,-0.07196991555148463,-0.5981837274904344,0.2144202456337835,-1.7559441899974677,-1.7591372301271613,0.7332601254622757,0.19185923498265078
8.088819742202759,Phase_0_Cal_Plunge,0.10071264348277356,-0.5981717105188044,0.19751472971479078,1.1010854987070995,-0.53226645444548,-0.9566065256804872,-0.1182609485866194,0.01262352872763745,0.0026566462390002444,-4.382849350474625e-05,-0.0684494116076643,-0.5981717105188044,0.21087859792344898,-1.755879380056033,-1.7591418022274934,0.7332328336488172,0.19185923498265078
8.19017219543457,Phase_0_Cal_Plunge,0.10069424496957773,-0.5981444855095998,0.192373542781796,0.6634855623361714,-0.2948578157209717,-0.5780091294218418,0.13848251240430204,0.007090608241751795,-0.0029708926668795313,0.006646177300836958,-0.06482705317744053,-0.5981444855095998,0.20723022006633618,-1.7558506327162335,-1.7591768676771076,0.7331183633528687,0.19185923498265078
8.291564702987671,Phase_0_Cal_Plunge,0.10072187873078006,-0.598183649978142,0.18728861214005063,1.1007118327395184,-0.24891879462605757,-0.861367730925161,0.6384760015345444,0.011084200127064252,0.009429763180858053,0.00732921886041692,-0.06121192421886326,-0.598183649978142,0.20365417114763062,-1.7559078231605139,-1.7591625187312994,0.7332291662616224,0.19185923498265078
8.39274001121521,Phase_0_Cal_Plunge,0.1007909672925205,-0.5981904879579063,0.18224931524960347,0.8189305891652656,-0.019055008465006035,-0.5991996455869648,0.5578924638776036,0.01919757551385437,0.009645595444365329,0.0024934335156338665,-0.0575997502247067,-0.5981904879579063,0.20013970313449225,-1.7558373902522806,-1.759288740347851,0.7333119490128247,0.19185923498265078
8.494221687316895,Phase_0_Cal_Plunge,0.1006252502728135,-0.5981717072053723,0.1771341331782391,1.0257517278050616,-0.3813867126497293,-0.893723368765125,0.3285868570597704,0.024993669955528618,0.012464063398408705,-0.007786217056088527,-0.05409994992343395,-0.5981717072053723,0.1964055435764338,-1.7558347758318718,-1.7590970143008733,0.733036816568826,0.19185923498265078
8.595590114593506,Phase_0_Cal_Plunge,0.10068496529853234,-0.5981613477506402,0.1720305636338357,0.5283169472215398,-0.31579283856352885,-0.4234827083706925,0.0074883606015797265,0.016997470622670513,-0.008569117041181042,0.0006606971535600961,-0.05044895639070465,-0.5981613477506402,0.19283899984295355,-1.755782466670846,-1.7592114644713404,0.7330754731249578,0.19185923498265078
19.47350788116455,Phase_1_Yield_to_45,-0.15918328580875912,-0.5985328351312272,0.2643427944210064,0.2068054098409975,0.12016626174476439,0.14442690553759296,-0.0864257833902992,-0.0026828497599553445,0.00437874838057315,0.002139657965087074,-0.29947816333982497,-0.5985328351312272,0.0743590016459652,-1.7551561154746589,-1.7615793568525395,0.7320661309293528,0.19185923498265078
19.574283123016357,Phase_1_Yield_to_45,-0.1576133318194989,-0.5985212765004686,0.26344760473083245,0.45867465694516574,-0.4317480712482561,-0.018712000156022816,-0.15370720525511236,0.04023087453428514,0.010217958725602447,-0.01119264864385489,-0.2977350435274979,-0.5985212765004686,0.07483613205755171,-1.7548379856940224,-1.761912838219594,0.7318994653846005,0.19185923498265078
19.67473340034485,Phase_1_Yield_to_45,-0.15580679591343546,-0.5984508932479665,0.2627724066440363,0.25864468486236714,-0.17255034803107483,-0.15225851366276086,-0.11807114558229297,0.03268919550922523,0.010838410011190494,-0.010677335540004666,-0.2959801925920457,-0.5984508932479665,0.07563610870136842,-1.7549348163756788,-1.7617336246279292,0.731804325539794,0.19185923498265078
19.77553081512451,Phase_1_Yield_to_45,-0.15386430630101955,-0.5985156657776199,0.2620831499352465,0.3077392588549554,0.220806282877623,0.10572330021387616,0.1864688195764938,0.023994071088838997,0.018299109015609813,0.018975457428568994,-0.29411926692195844,-0.5985156657776199,0.07652227818592855,-1.7550539463157848,-1.7617060054168105,0.7320633057435173,0.19185923498265078
19.87588143348694,Phase_1_Yield_to_45,-0.1520519658372836,-0.5984672348560558,0.2613369537118893,1.561587132795561,-1.2775511135874362,-0.740831530868709,-0.5075294753557551,0.033656771638452786,0.009511736952620867,-0.01955607083691418,-0.2923101082806003,-0.5984672348560558,0.07727615600802334,-1.7550722871037392,-1.7616533550469635,0.7319855068844195,0.19185923498265078
19.977160930633545,Phase_1_Yield_to_45,-0.15017994794542905,-0.5984823040100371,0.26047111327124073,2.008756401075011,-1.8987158125006949,-0.6171993260167163,0.22146226356688453,0.033733616331355555,0.10630996133170383,-0.026628395875390315,-0.29037415008775924,-0.5984823040100371,0.07798763090684807,-1.7550149362466365,-1.7617151813590666,0.7319223529077168,0.19185923498265078
20.07815384864807,Phase_1_Yield_to_45,-0.14840699272241484,-0.598434864226665,0.2597259077335119,1.130814973243396,-1.0349577132500865,0.06050688935140432,0.45160154100338473,0.03113911124291815,0.19181951778399603,2.1030353786995997e-05,-0.28859354153772,-0.598434864226665,0.07871435967867574,-1.755066187344879,-1.7616066236295136,0.7318379279038368,0.19185923498265078
20.179462909698486,Phase_1_Yield_to_45,-0.14644178456254775,-0.5984642756125721,0.25895352537644595,1.9758632125640172,-1.8530616982534556,0.3053983633214511,0.613945939729547,0.036258573208599446,0.267525208951449,-0.01125855653298763,-0.2866577727190846,-0.5984642756125721,0.07955781489261068,-1.755040038498641,-1.7616717946453455,0.732011817027191,0.19185923498265078
20.280633687973022,Phase_1_Yield_to_45,-0.14457494540173169,-0.5984593243073156,0.25822516066096807,1.6550583675027122,-1.5091364900636584,-0.037018127442020536,0.6784945927859485,0.02782980300720472,0.3005667019995632,-0.003937202471439108,-0.2848226864595956,-0.5984593243073156,0.0803628378931169,-1.7551253739726087,-1.7616083992524965,0.7320951081459325,0.19185923498265078
20.382047176361084,Phase_1_Yield_to_45,-0.14270148438368935,-0.5984695307764711,0.2573369778690281,2.781551491260998,-1.6803928708240732,0.39846724755306456,2.1804890164473187,0.02406395955078037,0.4746606103143854,0.0007787644048610282,-0.2828699093943352,-0.5984695307764711,0.08105953480814934,-1.7549600411002484,-1.761751551918971,0.7320039678126365,0.19185923498265078
20.48346471786499,Phase_1_Yield_to_45,-0.14082472437332788,-0.5984423514336723,0.25662210387681933,2.0352386766052533,-1.798638009679937,-0.06142770824531619,0.9504338049250068,0.023509588055948553,0.35236291104101436,0.0009422667781885606,-0.28103734741676417,-0.5984423514336723,0.08188111229055095,-1.755090188931916,-1.7616624996759522,0.7320423991824613,0.19185923498265078
20.584484338760376,Phase_1_Yield_to_45,-0.13898585660090795,-0.5984388410135457,0.2558761990603119,1.923588561332655,-1.7227764043232228,0.2789547558549237,0.80896146891116,0.020306175479868332,0.3487868244790269,-0.009744650349003809,-0.27920963719130854,-0.5984388410135457,0.0826539538082624,-1.7551739542114493,-1.7616121005320624,0.7320826523797813,0.19185923498265078
20.685391187667847,Phase_1_Yield_to_45,-0.13715313944065458,-0.5983927413164724,0.25505436828173433,1.9279897359656384,-1.701387650701519,0.48652551562614754,0.7653217667582234,0.01998946004377558,0.331037066386918,0.0018542038139948063,-0.2773325883427764,-0.5983927413164724,0.08336875842375449,-1.755045216779815,-1.7616166487649014,0.7319396734048557,0.19185923498265078
20.78670358657837,Phase_1_Yield_to_45,-0.13529032956104706,-0.5983841834277683,0.25425361206514574,1.939459396017655,-1.6183589643817815,0.3968296727039139,0.9924430573428378,0.02228131915597269,0.3651240479720362,-0.006455197774953742,-0.27544916269401754,-0.5983841834277683,0.08411974377085918,-1.7550685730121431,-1.7616507777073163,0.7319515554860638,0.19185923498265078
20.887171745300293,Phase_1_Yield_to_45,-0.13337538402758134,-0.5983850216745211,0.2534921511864755,1.9823826120062575,-1.6913444789318786,0.35771443032302397,0.9701726961268694,0.02020637679807468,0.37005885150285234,0.004789252194036188,-0.27355665757078507,-0.5983850216745211,0.08493538059225966,-1.7551196461438758,-1.7616443707866052,0.7320303990979805,0.19185923498265078
20.98762822151184,Phase_1_Yield_to_45,-0.13152782871605373,-0.5984012998503807,0.25270206533158535,1.6802838255634904,-1.5340430071406077,0.15283598228224451,0.6683613911747903,0.027937282661191328,0.3436800593935515,-0.009136235413541983,-0.27169156361567426,-0.5984012998503807,0.08568312441594567,-1.7550799555860972,-1.7616841172925892,0.7320577302589616,0.19185923498265078
21.088317155838013,Phase_1_Yield_to_45,-0.12973838602046442,-0.5983817338851426,0.25194246531953873,2.0326075892796474,-1.8592755353725774,0.31679968217877635,0.7577770496218939,0.016119949435205515,0.33666923026232964,-0.018863270466278913,-0.2698891182315708,-0.5983817338851426,0.08641133316103408,-1.755173546927867,-1.7615795820461817,0.7320059306441495,0.19185923498265078
21.18883490562439,Phase_1_Yield_to_45,-0.12785090899515666,-0.5983681646412298,0.2511671428037936,1.9493914273843456,-1.6963658308757734,-0.1252415168866744,0.9522523129111571,0.01835779720230287,0.3766179136270626,0.005327770903404917,-0.26800623461915185,-0.5983681646412298,0.087197745156473,-1.7550581631449904,-1.7616313817460065,0.7320315651313488,0.19185923498265078
21.289132118225098,Phase_1_Yield_to_45,-0.1258949539390655,-0.5984026875275448,0.2504126401775109,1.8455375878028801,-1.5508977237884498,0.2406059933088553,0.970996392539611,0.013814840372701802,0.36718612400521583,-0.0029966075272884972,-0.26608965161182613,-0.5984026875275448,0.08804730031686361,-1.7550579839051401,-1.7616805891514653,0.7322179827788913,0.19185923498265078
21.389506101608276,Phase_1_Yield_to_45,-0.12410677384705597,-0.5983585974056566,0.249575761056878,1.8313527356117065,-1.4465221796533116,0.5542403839826245,0.9768541461069334,0.006701080932850826,0.37767227886211446,0.008287060456668539,-0.26423345444155044,-0.5983585974056566,0.08871997168467338,-1.755067578149525,-1.7617058952722608,0.7320591311238528,0.19185923498265078
21.489933490753174,Phase_1_Yield_to_45,-0.1223074546667954,-0.5983306464518937,0.24876847612606107,1.6478638312467988,-1.4710745777715712,0.3020655078773234,0.6783444714275972,0.0161606858193651,0.35678480539417307,0.009290321708598878,-0.26239030699873883,-0.5983306464518937,0.08942144582962427,-1.7550377979904288,-1.7617146899516785,0.7319007714046503,0.19185923498265078
21.59058713912964,Phase_1_Yield_to_45,-0.12045033464533053,-0.5983013933943939,0.2480365289692532,1.832943946730023,-1.4106731251155318,0.30526985800003575,1.1298208529353893,0.022315192507560398,0.4029234134011484,0.006115244667702698,-0.26055956004003467,-0.5983013933943939,0.09021706319223036,-1.7550779904113263,-1.7616435423069752,0.7319962911738361,0.19185923498265078
21.691565990447998,Phase_1_Yield_to_45,-0.11856047867608795,-0.5983002680166121,0.24728849726570587,2.054569206661497,-1.6115294232578539,0.3296812835687194,1.2310718070853315,0.026151875047029375,0.39310420647295635,0.009339018695784001,-0.2586942917785965,-0.5983002680166121,0.09102445487342681,-1.755112112313167,-1.761622324874538,0.732030525191327,0.19185923498265078
21.79193425178528,Phase_1_Yield_to_45,-0.11668051240199291,-0.5983351002686191,0.2464880220430203,1.7213255406513002,-1.3070472875046755,0.22598203562058508,1.0970511039609494,0.027469495765065015,0.4075078886427291,-0.012129496695191791,-0.2567989334196491,-0.5983351002686191,0.09178777031610863,-1.7551495797418104,-1.7616707977225283,0.7321146883873049,0.19185923498265078
21.892424821853638,Phase_1_Yield_to_45,-0.11493816302893874,-0.5982570855585733,0.24571112532260994,1.7755130980946834,-1.6524488608523011,-0.14954232658889935,0.6320574470189337,0.025967928868656318,0.37740064976060583,-0.004601638904775679,-0.2550175574234826,-0.5982570855585733,0.09247044843370761,-1.7551132491913515,-1.7615991567912717,0.7318770119549828,0.19185923498265078
21.99253749847412,Phase_1_Yield_to_45,-0.11304104472600636,-0.5982712218337003,0.2448592025093955,1.6494664605696447,-1.629752194915295,-0.25419016765470137,0.005894606060142488,0.02599252383919022,0.37287524459421967,0.0231558214428086,-0.25307369180849454,-0.5982712218337003,0.09320951325215276,-1.7550391362353883,-1.7617776186413812,0.7318724032818834,0.19185923498265078
22.094724655151367,Phase_1_Yield_to_45,-0.11115789788501207,-0.5982709627286327,0.24417348270765604,1.9676154295834398,-1.5652947282543426,0.3901762219664159,1.126554662786499,0.02043095658230793,0.443874954045647,-0.020239310764182564,-0.2512572287854536,-0.5982709627286327,0.09405622203158598,-1.7551590052333126,-1.761580640438009,0.7320590244904853,0.19185923498265078
22.19479990005493,Phase_1_Yield_to_45,-0.10928856616053939,-0.5982809167928318,0.24338695309644134,1.7303269014040756,-1.4206752101605977,0.23266211197630626,0.9599903513101031,0.022286392831504506,0.4077372481911878,0.011345094567128277,-0.2493792512250979,-0.5982809167928318,0.09482187874855383,-1.7551465896118248,-1.761605411874452,0.7321186149864001,0.19185923498265078
22.295600414276123,Phase_1_Yield_to_45,-0.10740335842209761,-0.5982695294271801,0.24256284890063615,2.0419330164537848,-1.393111317720126,0.3647298797584939,1.4476544528773092,0.019241914232990744,0.4408005508237955,0.015026592499797368,-0.2474634783840422,-0.5982695294271801,0.09557219225909322,-1.7550396408012434,-1.761669100458226,0.732069216684318,0.19185923498265078
22.395878314971924,Phase_1_Yield_to_45,-0.10556262058597696,-0.598259319737173,0.2417795046024506,1.7109388353623247,-1.2965775127018484,-0.26268185668842486,1.0849869557158731,0.022071705844016794,0.4343724800709905,0.009385665050330859,-0.2456079721124838,-0.598259319737173,0.09631988240014996,-1.7550382656666568,-1.7617034206297542,0.7320394148106216,0.19185923498265078
22.49619150161743,Phase_1_Yield_to_45,-0.10373682676144487,-0.5982222137143153,0.24102215178933464,1.9143727516340687,-1.6657876431698242,-0.03484412532898734,0.9427409225188943,0.026242135686034153,0.4119307937460701,0.002378901878304296,-0.24378141160820366,-0.5982222137143153,0.09707538428462012,-1.7551157085007145,-1.7616357366276107,0.7320457891687916,0.19185923498265078
22.596477270126343,Phase_1_Yield_to_45,-0.10190330628584898,-0.5982085973932071,0.24032440540686703,3.8910003800553956,-0.9571209227705453,0.12944493954900496,3.769223727030706,0.020719354164077122,0.7130811538888453,0.020680803838348933,-0.24199153564787423,-0.5982085973932071,0.09787849784776714,-1.7551579376901865,-1.761482178953014,0.7321336582214523,0.19185923498265078
22.69664740562439,Phase_1_Yield_to_45,-0.10007262742657448,-0.5981946901403324,0.23944694089280968,1.9679535364669114,-1.5982971511758632,-0.10916912061560144,1.142965196906607,0.013348303256724313,0.46158735344507246,0.0018138530294600239,-0.24007658910416585,-0.5981946901403324,0.09855252217519447,-1.7550404779218045,-1.7616814831470415,0.7319179121868262,0.19185923498265078
22.797109127044678,Phase_1_Yield_to_45,-0.09815776477930344,-0.5982176770174343,0.2386715192322494,1.780242733707543,-1.351522043190254,0.19170003034506033,1.1427613294363135,0.0184718598328498,0.47893911605203077,0.005047653021796995,-0.23817427082677856,-0.5982176770174343,0.09935822862365956,-1.755102987302459,-1.7616944554037404,0.7320361365388304,0.19185923498265078
22.89731526374817,Phase_1_Yield_to_45,-0.09630918273510722,-0.5982112766338394,0.23792291281660344,2.0220337513102065,-1.564858748718069,-0.0005594196760689493,1.2805613124906479,0.009727246943709964,0.48164136789754197,0.004346573434678065,-0.23633778125480473,-0.5982112766338394,0.10013602884974737,-1.7551382833977187,-1.7616440290391184,0.7320828078387778,0.19185923498265078
22.99950861930847,Phase_1_Yield_to_45,-0.09445225370022414,-0.598179213056283,0.23715113268929047,1.8861152437141548,-1.3047707360239529,-0.023364740820468723,1.361784905142075,0.02176523587014678,0.48546878172774477,0.008158355080447913,-0.2344790031804487,-0.598179213056283,0.10090334500088738,-1.7551365723062178,-1.7615933272260342,0.7320667180565114,0.19185923498265078
23.099592208862305,Phase_1_Yield_to_45,-0.09263175762308368,-0.5981656805745685,0.23635090380870563,2.312667822017502,-1.430394633641145,-0.17394813525586805,1.808907320259055,0.016940655752367882,0.5147544343550646,0.02144931477965952,-0.23262587079121627,-0.5981656805745685,0.10162478285419402,-1.7550771052975018,-1.7616036048349442,0.7320006022770849,0.19185923498265078
23.200403928756714,Phase_1_Yield_to_45,-0.09076090990787683,-0.5981598090324733,0.23556565191454476,2.0559319120323547,-1.5130918095302635,-0.23391583392901252,1.3721124536577685,0.023477864153458292,0.5189159400515797,0.026677030781690647,-0.23074772474592542,-0.5981598090324733,0.10239241502088342,-1.7551120335937338,-1.7616482860592555,0.7320000282975505,0.19185923498265078
23.301751375198364,Phase_1_Yield_to_45,-0.08884368382617513,-0.5981739041248356,0.2347949508732691,2.262282065796668,-1.584857995218556,-0.049768218009091855,1.6135886727085245,0.022029149117958387,0.5462287238884599,0.007861136658103993,-0.22884707324993292,-0.5981739041248356,0.10320313065176887,-1.7551129720006526,-1.7616250876009576,0.7321287812110469,0.19185923498265078
23.402448892593384,Phase_1_Yield_to_45,-0.08698741078477078,-0.5981866145139578,0.2339923435805643,2.31534492421555,-1.442687478506611,-0.27728256001235646,1.7895779780059715,0.00982038078887131,0.546629240262425,0.031152573512764757,-0.22696696093532076,-0.5981866145139578,0.10394818484777832,-1.755068971083528,-1.761743850546906,0.7321130676479187,0.19185923498265078
23.50333333015442,Phase_1_Yield_to_45,-0.08519084452115655,-0.5981130537094026,0.23318484518240748,2.462648416494583,-1.7469878079220378,-0.20007846430151124,1.7241344003173822,-0.007718804714227945,0.548947858300058,0.044545323487281775,-0.22512560915433422,-0.5981130537094026,0.10464756144249696,-1.7550649850032582,-1.7616591201178264,0.7319370218704656,0.19185923498265078
23.604002237319946,Phase_1_Yield_to_45,-0.08334601654859057,-0.598100978566249,0.23243423838781163,2.2263453710011425,-1.461764696675486,-0.030871087853419,1.6789593975037589,-0.0048522655892304185,0.5597599239768436,0.050072622077829046,-0.22329035963034674,-0.598100978566249,0.10542129265755756,-1.7551109465023573,-1.7616218864465893,0.7319333279912038,0.19185923498265078
23.70501446723938,Phase_1_Yield_to_45,-0.08146882189038314,-0.5981057811183974,0.2316894096738616,2.285433028364964,-1.4318950404840396,0.06370773344367348,1.780118547984412,-0.014481007850140882,0.5335952386128946,0.06053649080963052,-0.22143630912346457,-0.5981057811183974,0.10622199629552664,-1.755124068756457,-1.7616058719953096,0.7320154027310515,0.19185923498265078
23.805967807769775,Phase_1_Yield_to_45,-0.07954149556782082,-0.5981301163847914,0.23087883938847634,2.5430210038695296,-1.5325243343675639,-0.1893023833373649,2.0205171611138666,-0.012620244016470647,0.5707540477928987,0.06885674464116176,-0.21950032386579718,-0.5981301163847914,0.10701166206234558,-1.7551625658246517,-1.7616661946345111,0.7321237437992217,0.19185923498265078
23.9069721698761,Phase_1_Yield_to_45,-0.07776960661507272,-0.5980958920227598,0.2301154847901964,2.4401419179496475,-1.7201436766285372,-0.14774254740295295,1.7244043757705816,-0.013157233472871604,0.5688739494451444,0.05435657487535528,-0.2177076359589058,-0.5980958920227598,0.1077248035434496,-1.75514950572537,-1.7615688474543552,0.7320259521492167,0.19185923498265078
24.007895946502686,Phase_1_Yield_to_45,-0.07584537488354817,-0.5980786239186949,0.229295364588858,2.4794025773068302,-1.7581985596983933,-0.3782163918363147,1.7067886002597294,-0.01084892836501061,0.5482773451079687,0.0786260067797222,-0.215767086097216,-0.5980786239186949,0.1085055282936305,-1.755071772862688,-1.7616760464735597,0.7320329949488225,0.19185923498265078
24.108901500701904,Phase_1_Yield_to_45,-0.07403668825559927,-0.598065383503918,0.22854166307876747,2.5596915996280183,-1.7724640355126273,-0.08109540751039584,1.8449433224089182,0.010229114086764357,0.5765727985727647,0.0088761230724548,-0.21395520406877636,-0.598065383503918,0.10925151542451902,-1.7550555997235597,-1.7616599027142856,0.7319774565798065,0.19185923498265078
24.209965467453003,Phase_1_Yield_to_45,-0.0721151490272045,-0.5980557429435504,0.2277725681308159,2.7171452280011277,-1.8198964647189781,-0.2894959687910234,1.9967591571860668,-0.0010816199863494256,0.6172202968254378,0.03537427880938261,-0.21205263839698957,-0.5980557429435504,0.11006641659016006,-1.7550486424672402,-1.761647117659627,0.7320656323226321,0.19185923498265078
24.31083345413208,Phase_1_Yield_to_45,-0.07025912228311151,-0.598070225985358,0.22696854357300175,2.804884143388888,-1.8921732451538562,0.21357628622099845,2.05947581634803,-0.0034873257556318183,0.6230651504909551,0.016709413508382093,-0.21017169808310693,-0.598070225985358,0.11081029446990093,-1.7550619190726477,-1.7616919115788574,0.7320823915834521,0.19185923498265078
24.411256074905396,Phase_1_Yield_to_45,-0.06834691880824342,-0.5980937412756894,0.22619222561215055,2.989808470518997,-1.8887441186976828,0.15445860038975615,2.312518731867419,-0.0027206127738184675,0.6480762702624456,0.03346333858386482,-0.2082706263445444,-0.5980937412756894,0.11161348681951383,-1.755099664840826,-1.7616798383401369,0.7322019940749592,0.19185923498265078
24.512131452560425,Phase_1_Yield_to_45,-0.06659015795112042,-0.598030038899312,0.22536688657434265,3.05151931374601,-1.8720463095070425,0.312261102046582,2.389499056575381,-0.003814878576711292,0.6713129800577573,0.03364659657211575,-0.20644480599913773,-0.598030038899312,0.11227210150409664,-1.7550548824651733,-1.761668125771734,0.7319765731766343,0.19185923498265078
24.612828493118286,Phase_1_Yield_to_45,-0.06476211110645247,-0.598005290889811,0.2246436121702863,3.24010227082175,-1.949949828399617,0.1474075432972799,2.583453000982914,0.0015291755424236362,0.685799490328829,0.027509301505519466,-0.20464074944317945,-0.598005290889811,0.11305329358852115,-1.755164509329273,-1.7615799265605119,0.7319835959645544,0.19185923498265078
24.71353769302368,Phase_1_Yield_to_45,-0.06284977848322261,-0.5979987257554977,0.22381795973030214,3.4369469798261973,-2.2311701129065558,0.055690837789669344,2.613691450801959,0.01253497665370044,0.7363375723200706,0.021507299734534843,-0.20270470163819332,-0.5979987257554977,0.1138216925150752,-1.7550676117733253,-1.7616765916754085,0.7319605729989453,0.19185923498265078
24.814380407333374,Phase_1_Yield_to_45,-0.06099090558507781,-0.5980059682850024,0.2230926732914443,3.379549637461013,-2.291814948761915,-0.08004207251407118,2.482445016374368,-0.0009261138214574483,0.7321659421212368,0.03703001035579304,-0.20087742504733225,-0.5980059682850024,0.11462325918749827,-1.7550908450836984,-1.76163011119493,0.7320802254563237,0.19185923498265078
24.915428400039673,Phase_1_Yield_to_45,-0.05910505039982766,-0.5979961750310061,0.22230498524434306,3.2471680642662144,-2.1092082746749368,-0.08193700374001026,2.467514380718232,0.0073942745742125,0.7737486620856124,0.02260240560145803,-0.19898694449794113,-0.5979961750310061,0.11539978061775957,-1.7551195588590032,-1.7616173122020948,0.7320568162809779,0.19185923498265078
25.016353607177734,Phase_1_Yield_to_45,-0.05728410534492059,-0.5979712400203738,0.22152358491108418,3.7247740257401087,-2.1851063355997296,0.42465753165582004,2.9864557297502476,-0.005526060447299217,0.8389383545313096,0.03436812063125773,-0.19714680842697946,-0.5979712400203738,0.11613484973978369,-1.7551429785944666,-1.761587883104931,0.732024771940279,0.19185923498265078
25.117196083068848,Phase_1_Yield_to_45,-0.05541801648338708,-0.5979738139703971,0.2207075541095739,3.795527997545739,-1.8832163667397115,0.36596269293448724,3.2749962142844358,-0.00611097923409853,0.873281068159626,0.04303264284849791,-0.19525026342528745,-0.5979738139703971,0.11687735291466572,-1.755131964034955,-1.7616272976566443,0.7320043985241409,0.19185923498265078
25.218186616897583,Phase_1_Yield_to_45,-0.05358860642567482,-0.5979524084699347,0.21989140506984808,3.963881821408101,-2.381554776781236,0.6807596675284114,3.094692588020123,-0.002561840532457859,0.8309862402855833,0.02632658637994339,-0.1933795706474592,-0.5979524084699347,0.11759383665159592,-1.755068724624816,-1.7616634506174988,0.731905108615579,0.19185923498265078
25.318984985351562,Phase_1_Yield_to_45,-0.05168187271786043,-0.5979661357367416,0.219116126952331,3.95682479771772,-2.3223762625466793,0.1313395455560439,3.200903137985704,0.007566902175727633,0.8930805323239782,0.01662753748961476,-0.19148310189854478,-0.5979661357367416,0.11839389657210656,-1.755020801067702,-1.7617502317333908,0.7320219625941998,0.19185923498265078
25.419607877731323,Phase_1_Yield_to_45,-0.049799942595034154,-0.597952586113338,0.2183418124798241,4.253053049185894,-2.3916719866492695,0.43836140056377215,3.48944187943607,0.003255115250802926,0.9406686187820209,0.02926767015584662,-0.1896048533326946,-0.597952586113338,0.11917709910939575,-1.755012150612559,-1.7617070730667237,0.7320285348445413,0.19185923498265078
25.52024793624878,Phase_1_Yield_to_45,-0.0479663858608991,-0.5979413563145922,0.21761648582075224,3.8623036610215467,-2.319304517688296,0.1363116894076946,3.085390615060259,0.002019651690832963,0.9574935956350606,0.033264115802507196,-0.18779544953309235,-0.5979413563145922,0.1199607361105878,-1.755090416377726,-1.761647137393352,0.7320772415936039,0.19185923498265078
25.62124800682068,Phase_1_Yield_to_45,-0.046101570089810105,-0.5979243159329303,0.21682625203952596,4.483445334701007,-2.263284175733928,0.40966130485983043,3.8485067785343916,-0.00027604058950501714,1.0011299663058244,0.018087062410502168,-0.1859180459902639,-0.5979243159329303,0.12072058032256067,-1.755084998069307,-1.7616548714949305,0.7320456665721874,0.19185923498265078
25.72196340560913,Phase_1_Yield_to_45,-0.04425006046987751,-0.5978979570992694,0.21600186692058096,4.31033866149224,-2.3210433705589306,0.5966861218195435,3.582700478796282,-0.00149069458825078,1.036527745340268,0.02219716353648133,-0.18402590267466218,-0.5978979570992694,0.12144686702233184,-1.7550361018564424,-1.761699539037788,0.7319992254886941,0.19185923498265078
25.822693824768066,Phase_1_Yield_to_45,-0.04240393973107028,-0.5979034917381132,0.21526680574513848,4.725720008639339,-2.412145666505308,0.7573347607526663,3.992546423495857,-0.001783195498411543,1.0717415869639952,0.037854473560387965,-0.18220073143962012,-0.5979034917381132,0.12223250477388922,-1.7550596913018344,-1.7616302233920444,0.7320714942999554,0.19185923498265078
25.923673152923584,Phase_1_Yield_to_45,-0.04057918615393539,-0.5978700060445803,0.2144503529964824,4.5489161592714105,-2.401506413352871,0.5247913079900579,3.82753174431822,0.005130191285434013,1.0523872696517813,0.023175628913467996,-0.18033311653614054,-0.5978700060445803,0.12294548112718262,-1.7551265309453103,-1.7616018529170299,0.7319195139517966,0.19185923498265078
26.024587154388428,Phase_1_Yield_to_45,-0.038670413791498236,-0.5979171318800984,0.21383308810864143,4.747632617997476,-2.308912945729985,0.686712595103756,4.09113215335803,0.009849921691065048,1.1521952875362402,-0.01924598843964926,-0.17854693846693903,-0.5979171318800984,0.12385871482042266,-1.7551533698063344,-1.7616047917813067,0.7321213395161538,0.19185923498265078
26.12543034553528,Phase_1_Yield_to_45,-0.03685860640886195,-0.5978618335702349,0.21294083279342332,4.434835998790209,-2.5061766415489424,0.009195824613224157,3.658792753672952,0.007350623403356407,1.1102108837199718,0.046393795259765426,-0.1766348773965326,-0.5978618335702349,0.12450893632294818,-1.7550241474510664,-1.761680493273139,0.7319017357792472,0.19185923498265078
26.226271867752075,Phase_1_Yield_to_45,-0.03500436890268114,-0.5978377532121257,0.21220150996016823,5.536347067599686,-3.244360136096855,0.5005055478836764,4.458111747899878,0.0024558272124302165,1.1649589033319427,0.03727668016987238,-0.174800953293101,-0.5978377532121257,0.12529730004861833,-1.7550734295447177,-1.7616348963888437,0.731953128464152,0.19185923498265078
26.327130794525146,Phase_1_Yield_to_45,-0.03310128981399253,-0.5978673298630176,0.21137390725710642,5.581299731996681,-3.8800329298945866,0.5350116542598324,3.9761807920573746,-0.005672790607274386,1.137868179342951,0.04570943576737722,-0.17287006968089164,-0.5978673298630176,0.12605777669390103,-1.754994417919639,-1.7617671818003304,0.7320150078091011,0.19185923498265078
26.427830934524536,Phase_1_Yield_to_45,-0.031203366617595343,-0.5978636412918954,0.21074570625039063,5.902130027979333,-3.092195428180939,0.6604298688773766,4.983703310732576,-0.007246025411417739,1.2286878353354134,0.053281335186266265,-0.171083830126751,-0.5978636412918954,0.1269556058644478,-1.7550811424453552,-1.7617019528522764,0.7321157661613675,0.19185923498265078
26.528770446777344,Phase_1_Yield_to_45,-0.029426581664281765,-0.5978288510682993,0.21004631048490652,5.880059991811896,-2.2907346618693913,0.7606678243610462,5.361811697290279,0.007440392984450117,1.2815915305345695,0.0006833159936512994,-0.16933290594904576,-0.5978288510682993,0.12771743506513908,-1.7551051633146886,-1.7616175717141052,0.7320973859008139,0.19185923498265078
26.62978434562683,Phase_1_Yield_to_45,-0.027611736079394884,-0.5978120756883085,0.20926682238842356,5.532808037834628,-2.5205705929450155,0.2768157560738176,4.917525974176197,0.008784485645605864,1.2550467066462883,0.04314514562098293,-0.1674984350102885,-0.5978120756883085,0.12844954336614176,-1.7550958062004227,-1.7616145716931515,0.7320000064254037,0.19185923498265078
34.118730306625366,Phase_2_Seat_Peg_for_Search,0.07634196786281396,-0.59818101445665,0.2885881964842304,1.0693212824944358,-0.27135233014645094,0.3496239089944191,0.9734367161655136,0.0018499360139462055,0.07976552042289536,-0.03480512172052578,-0.15008074753947384,-0.59818101445665,0.25804459386931633,-1.7557779879958264,-1.759409339745577,0.733035472920102,0.19185923498265078
34.22042918205261,Phase_2_Seat_Peg_for_Search,0.0763539464127189,-0.5982730407595346,0.28599686620794146,2.551560983490145,-0.5094141880194101,0.3929985136096544,2.4691117442947625,0.014053689166111284,0.1794452942567805,-0.023687927360282583,-0.14823993021494936,-0.5982730407595346,0.256220716772525,-1.7554929733580638,-1.7596754415707954,0.7329061075545065,0.19185923498265078
34.32152318954468,Phase_2_Seat_Peg_for_Search,0.07634652185955133,-0.5981957825488246,0.2810654553502359,0.9324522744293342,-0.13535630051838238,0.6266969739489245,0.677050085918078,0.01299093274855022,0.08325551037112178,-0.031942566637806556,-0.14475814610854087,-0.5981957825488246,0.25272843276233237,-1.7556914345140873,-1.759481700845305,0.7329732153032872,0.19185923498265078
34.422744035720825,Phase_2_Seat_Peg_for_Search,0.07635717931014546,-0.598193108877867,0.27605581166902354,0.9861423104363018,-0.13371859238361838,0.7104438108209788,0.6707201995987272,0.01665220517683937,0.08770689905479322,-0.03814855530156339,-0.141208257134642,-0.598193108877867,0.24919361569960402,-1.7557014391986139,-1.7594855953104511,0.7330075201529325,0.19185923498265078
34.52366590499878,Phase_2_Seat_Peg_for_Search,0.07636310843042819,-0.5981841752790641,0.2710293383058183,1.5247150468945674,-0.034571144392147084,0.8018112130632532,1.2964025566189519,0.015257243072355734,0.09567524497189814,-0.04365296974398626,-0.13764981121290765,-0.5981841752790641,0.24564355482018646,-1.7558022043646366,-1.7593779633519488,0.7331066355300042,0.19185923498265078
34.625322103500366,Phase_2_Seat_Peg_for_Search,0.07641229835298627,-0.5982343767425691,0.26583166664270064,0.7948277799105602,-0.07010415363456891,0.015854134002597286,0.7915713826280978,0.00957406974962853,0.07075840758261043,-0.03378363043222029,-0.13393971980572908,-0.5982343767425691,0.24200302846862162,-1.7556725378043125,-1.7595842602690757,0.7331153326217673,0.19185923498265078
34.72656750679016,Phase_2_Seat_Peg_for_Search,0.07634692501669145,-0.598191107802806,0.2609291380751032,1.1460570373283967,-0.5725063416662284,0.38747818626246644,0.9140808917883816,0.009086633367037366,0.10135571360463926,-0.04073300513713025,-0.130519334540023,-0.598191107802806,0.23849019134410984,-1.7557691755760536,-1.759388725466526,0.7330573325438436,0.19185923498265078
34.82723331451416,Phase_2_Seat_Peg_for_Search,0.07630130207285107,-0.5982001193181825,0.25575780924350267,1.079363422442981,-0.8965783283875945,-0.24221714807408906,0.550003229038145,0.0211291836769742,0.08435843464167969,-0.03993969926823263,-0.12689491314842,-0.5982001193181825,0.23480124936657237,-1.7555951478195504,-1.7594069638843266,0.7329704602972186,0.19185923498265078
34.92827844619751,Phase_2_Seat_Peg_for_Search,0.07632754104189039,-0.5981837781948215,0.2508266060876496,2.986134326710779,-2.5684888578515848,-1.1772286834174164,0.9664345974725843,0.03243142455261976,0.12872943608930928,-0.08739855797077732,-0.12338947220456876,-0.5981837781948215,0.23133291592859923,-1.7556932763247182,-1.7593592195867551,0.7330828929441575,0.19185923498265078
35.02929496765137,Phase_2_Seat_Peg_for_Search,0.07634944292438015,-0.5981961941000271,0.24571703601966083,2.3585133476278433,-2.1519893151628753,-0.8044315750992306,0.5333076404355044,0.015131688332838063,0.12417405616793907,-0.04629417084614886,-0.11976097359091684,-0.5981961941000271,0.2277353912542058,-1.755710430859907,-1.7593918932802155,0.7331002158333144,0.19185923498265078
35.1309027671814,Phase_2_Seat_Peg_for_Search,0.07642538618530426,-0.5981965291207125,0.24079424698614904,7.90049871774886,1.192327959500009,1.1019403747651606,7.731879553938249,0.027358580076912168,1.3842025922225336,-0.050046222145672774,-0.11622633608818501,-0.5981965291207125,0.2243081537410437,-1.755615179626362,-1.7593753015333662,0.7333701010385972,0.19185923498265078
35.2325439453125,Phase_2_Seat_Peg_for_Search,0.07643653351259459,-0.5982176321433368,0.2357879883126874,12.648489230920953,1.9717801856841,1.6202370491842706,12.388349148636292,0.03716993370995481,2.518538779069008,-0.05623627493654298,-0.11267849428108723,-0.5982176321433368,0.22077607663538412,-1.7558200610975452,-1.7592672540162404,0.7334389244389158,0.19185923498265078
35.7960000038147,Phase_2_Lateral_Search,0.07637618484494023,-0.5981978283073649,0.2330262836799355,8.190533537687772,0.8554595805512035,-1.019791288680429,8.081649229307272,0.07851933982740192,-0.5196462174331914,0.08966692786138411,-0.11076834715976802,-0.5981978283073649,0.21878058360979696,-1.7557616453183362,-1.7594653403429874,0.7330956652847206,0.19185923498265078
35.89657139778137,Phase_2_Lateral_Search,0.07391229042651816,-0.5981235381988317,0.23297448032318638,9.116901651667389,1.0281974777454017,-1.4523999363848288,8.94154573313378,-0.22658624260613716,-0.5255485767759922,0.08722087855560151,-0.11247395310631642,-0.5981235381988317,0.2170017166535575,-1.7555915402364097,-1.7594539801283144,0.7328713255093416,0.19185923498265078
35.99706792831421,Phase_2_Lateral_Search,0.07094316244731394,-0.598193737399736,0.23308398550599485,8.106562506002389,1.030260224030333,-0.9099472962512465,7.989174891848953,-0.21901944755150043,-0.7056778974381808,-0.015167796160631367,-0.11465087549196139,-0.598193737399736,0.21497965798259044,-1.7556162478758555,-1.7595240917350823,0.7328840623811568,0.19185923498265078
36.09810400009155,Phase_2_Lateral_Search,0.06792575776865332,-0.5981757341947803,0.23314294889673645,7.541853754808357,0.693007001341492,-0.9643447126557181,7.4477740721762995,-0.22682497305065732,-0.7481824533038395,0.012316818521515309,-0.11682619621526145,-0.5981757341947803,0.21288772408616063,-1.7556591776176793,-1.7595110065994557,0.7329668564800629,0.19185923498265078
36.19863557815552,Phase_2_Lateral_Search,0.06496557621082222,-0.598199943314048,0.23320724447513733,7.7702083759899,0.36075569620811393,-1.1929744253626855,7.669602698600989,-0.22877959033483022,-0.7890487423104555,0.04002534044638049,-0.11896482450783477,-0.598199943314048,0.21084002347256248,-1.7557979223092257,-1.7594448470830988,0.73314222584397,0.19185923498265078
36.29901623725891,Phase_2_Lateral_Search,0.061971780429772964,-0.5981814745646705,0.23320935620322564,7.644871146608293,0.06602702268192259,-1.5833800956117405,7.478810249855274,-0.21843287396027147,-0.816963176960907,0.07394885621009428,-0.12108325102335364,-0.5981814745646705,0.20872458339154615,-1.7558896884190367,-1.7593857412209342,0.7331660877297191,0.19185923498265078
36.399245738983154,Phase_2_Lateral_Search,0.05891098496818103,-0.598178761414393,0.23313327016363042,7.419417874525212,0.11763336332239378,-0.6069365399067876,7.393615626010298,-0.23181348361412996,-0.8211531494101442,0.0016230494095574998,-0.1231937592955189,-0.598178761414393,0.20650647321027807,-1.7558040383276288,-1.7594258718456945,0.7331340114121001,0.19185923498265078
36.49932265281677,Phase_2_Lateral_Search,0.05589853476840023,-0.5982043384680992,0.232953410546734,6.678530560688269,-0.5409133651061062,-2.61218061285016,6.12263796311251,-0.2566726735498847,-1.1912115671942116,0.2024085800021365,-0.1251967033050016,-0.5982043384680992,0.20424916929125722,-1.7557812337091128,-1.75956891182965,0.7330451903877729,0.19185923498265078
36.599692821502686,Phase_2_Lateral_Search,0.0528129062722934,-0.5982076564933041,0.23245558829018398,5.965144324705824,-0.3495998214468748,-2.8608649335271914,5.222660108750029,-0.23674855459004576,-1.4633982958543217,0.14179030212025456,-0.1270265586453891,-0.5982076564933041,0.20171528696400554,-1.755688997548334,-1.7594909765171993,0.732917217528334,0.19185923498265078
36.699867963790894,Phase_2_Lateral_Search,0.049874480006258624,-0.5981649183163432,0.23178515097720884,3.7709225611089585,-0.6373802382506342,0.3449749198031409,3.700620988222778,-0.22888702774625136,-1.6608344838354625,-0.07255084854687724,-0.1286302690137537,-0.5981649183163432,0.19916343505491046,-1.7556999269733289,-1.7594862753396283,0.7329292897095135,0.19185923498265078
36.79996085166931,Phase_2_Lateral_Search,0.04692494115037472,-0.5982151460289785,0.23115853814743637,6.568929738604819,-0.26832070633912797,-1.1915866961737243,6.454375496884128,-0.2365078561178611,-1.49246877440563,0.08885347569173989,-0.13027282575901183,-0.5982151460289785,0.19663471394743112,-1.7558471779266043,-1.7593609527789509,0.7333011624655267,0.19185923498265078
36.89999747276306,Phase_2_Lateral_Search,0.04391345968109798,-0.5982100851061466,0.2303892576551139,5.766912458378267,0.021453307947232707,-3.4688707215656387,4.606924676532196,-0.24338101582082458,-1.6897859327916604,0.1736568080449608,-0.1318583012745993,-0.5982100851061466,0.19396131152633217,-1.7558264546870792,-1.7594344118422673,0.7331934724352003,0.19185923498265078
37.00095534324646,Phase_2_Lateral_Search,0.04087323535500655,-0.5981614187447059,0.22958563130916168,4.034746308415451,-0.40170363972967,0.019297187842855213,4.014653108008387,-0.22197814581229233,-1.728915803633487,-0.0935190425095988,-0.13343981487314388,-0.5981614187447059,0.19124329865026166,-1.7557295069544716,-1.7594784991663275,0.7329665981654642,0.19185923498265078
37.10127544403076,Phase_2_Lateral_Search,0.03781547648285569,-0.5981969013400307,0.22887408846753915,5.022868943455044,-0.5593887190881187,-0.6330793369371951,4.9513136880251585,-0.23090632645828735,-1.6713568646385233,-0.00019113151567551378,-0.13509884013845905,-0.5981969013400307,0.1885779998481144,-1.7557314686755436,-1.759456731054022,0.7330729726480365,0.19185923498265078
37.202075719833374,Phase_2_Lateral_Search,0.03481378888748847,-0.5982251831712428,0.2282367372936351,6.2648599514594485,0.5604967796819798,-3.6936205849799055,5.029063585358542,-0.23753947393956062,-1.6670254327855416,0.16692846262596608,-0.13677067845508198,-0.5982251831712428,0.18600481085736195,-1.7557732794744523,-1.7594324360602167,0.7331349708348915,0.19185923498265078
37.30430006980896,Phase_2_Lateral_Search,0.03188086011005092,-0.5983185556801942,0.22777977809398287,10.152980245233504,1.697828067199201,-4.676327204992737,8.85055656928858,-0.49796807887153605,-1.0690655315562696,0.75556086150969,-0.13852145333354557,-0.5983185556801942,0.183607798081299,-1.755987458749164,-1.7593261967710037,0.7337062486114156,0.19185923498265078
39.365156173706055,Phase_2_Seat_in_Hole,0.04006565436695062,-0.5989033496877488,0.22935135309438828,0.44771069967832955,-0.11369626242335819,0.3064278804552975,-0.30597382992192673,-0.01190465539214429,0.004096029160502243,-0.0009165575266986174,-0.133845201151805,-0.5989033496877488,0.19050659294289943,-1.7557246829735869,-1.7600782059986915,0.7331246943633664,0.19185923498265078
39.46578598022461,Phase_2_Seat_in_Hole,0.040184970516001,-0.5989417031525596,0.2269379342000762,3.70042134313452,-0.93869823451679,0.7032115629067807,3.509623518133355,0.04023756300316613,0.5154875576155535,0.014541660438073128,-0.13205428702769462,-0.5989417031525596,0.1888844173349862,-1.755506492043741,-1.7602491874685493,0.7333516669934987,0.19185923498265078
39.56593370437622,Phase_2_Seat_in_Hole,0.04019729020337991,-0.5989991897381678,0.22205071745198052,5.787823146562607,0.2325815151940544,-1.5423566951675485,5.573682664051457,-0.18865151459066776,1.2279901458730984,0.6305872695941827,-0.12858979158949996,-0.5989991897381678,0.185437344565767,-1.7558172045574016,-1.7600557493528943,0.7335911539908899,0.19185923498265078
40.12203860282898,Phase_3_Arc_Pivot,0.0400146895223544,-0.5988794516542173,0.21990742997029727,6.456462282510339,-0.32595057537830596,-2.760563927299574,5.827430671503653,-0.008839662933691834,0.44939341000756594,0.5929896496998708,-0.12720337665697193,-0.5988794516542173,0.18379269327363412,-1.7557472574998503,-1.7601784547996195,0.7328479209656065,0.19185923498265078
40.22376823425293,Phase_3_Arc_Pivot,0.038979836556942246,-0.5987908016823464,0.22090402692491257,6.42317899159955,0.7727943024511097,-2.347537588043039,5.928666342184386,-0.3813275021293629,0.29315977765878853,0.6993826458837991,-0.1286398286710642,-0.5987908016823464,0.1837656421889785,-1.755648970549189,-1.7601413989563441,0.7329345296019074,0.19185923498265078
40.32396841049194,Phase_3_Arc_Pivot,0.037811997946185255,-0.5988052280930634,0.22212251221522653,5.925351686800227,1.0910075417431582,-1.398112203851343,5.653740126815858,-0.3435107231584562,0.12326564357950939,0.5042111624505382,-0.130327214483619,-0.5988052280930634,0.18380145479953783,-1.75569292347902,-1.7601753103023203,0.7330307379946293,0.19185923498265078
40.425994634628296,Phase_3_Arc_Pivot,0.03661028654646181,-0.5987538355096866,0.22326227445257749,5.787797270966649,1.0903154513082673,-1.5351491272404185,5.472944968075271,-0.36515048011251083,0.03284705632116967,0.5280856891335487,-0.13198288637036384,-0.5987538355096866,0.18375765012673542,-1.75569619881845,-1.7601299885558386,0.7331861431430231,0.19185923498265078
40.52655577659607,Phase_3_Arc_Pivot,0.035075301689159386,-0.5986921400757751,0.2238960347589051,4.813106196170562,0.3296381617934601,-2.46985520202093,4.117905440749585,-0.3558002907266797,-0.07163858259037001,0.5362182232411616,-0.13351642078223216,-0.5986921400757751,0.18312038813536932,-1.7555505560080213,-1.7600543920052496,0.7330551143348881,0.19185923498265078
40.62803840637207,Phase_3_Arc_Pivot,0.03391548602680457,-0.5986945333779681,0.22484691734170864,7.736323256604973,1.3691727240906821,-1.2386608033806044,7.512774653645722,-0.33676910828736273,0.11908750365407042,0.4766037070881774,-0.13500890982442218,-0.5986945333779681,0.18297265013800443,-1.7556403384903876,-1.7601043534629892,0.7333143711449449,0.19185923498265078
40.72951340675354,Phase_3_Arc_Pivot,0.03257026908614751,-0.598671872643808,0.2255598884856106,4.93194355902362,-0.2939593960870339,-2.3989698996425672,4.29913928169996,-0.30630412434661114,-0.21052919072818657,0.4478110675626205,-0.13646426857597121,-0.598671872643808,0.1825255848477422,-1.755779112530821,-1.7600419358141952,0.733234054720009,0.19185923498265078
40.830129861831665,Phase_3_Arc_Pivot,0.031378626689171664,-0.5986293422135629,0.2265124306522716,8.085335380736396,1.1168197927530927,0.5015982402789472,7.992106166390168,-0.36178938380921183,0.18304622385969768,0.3928039708002311,-0.13798043602103435,-0.5986293422135629,0.18235651545350332,-1.7558190673639587,-1.7599767530340948,0.7334569456252633,0.19185923498265078
40.93084692955017,Phase_3_Arc_Pivot,0.030120323142486166,-0.5985922125630421,0.22769729397089128,6.979763105120166,1.5321830978820667,-0.8735826221733495,6.753248208114222,-0.35967249721080674,-0.04692829158765259,0.4715063282241443,-0.13970801587906193,-0.5985922125630421,0.1823045853702261,-1.7557702323883249,-1.7601796810911587,0.7333835058680678,0.19185923498265078
41.0308780670166,Phase_3_Arc_Pivot,0.028741771376385273,-0.5985805833541986,0.22901244288824169,8.986211787841391,4.515434248632687,-2.2281836961057673,7.442986850628112,-0.3463339424544484,0.17752725352609547,0.5860921052767085,-0.14161274989881717,-0.5985805833541986,0.18225975278592807,-1.7556654047991993,-1.7601665307336574,0.7332645430463669,0.19185923498265078
41.13113045692444,Phase_3_Arc_Pivot,0.02739418848228549,-0.598567264192827,0.23030779078302005,9.403668888996085,4.936403634028762,-2.0556154931974007,7.735331452494283,-0.3454645256457191,0.2468805222172472,0.5573246830478615,-0.14348158418183962,-0.598567264192827,0.18222281706369262,-1.7556259433369317,-1.7601412284544002,0.733245141288803,0.19185923498265078
41.233142614364624,Phase_3_Arc_Pivot,0.025910698317144387,-0.5984569764668172,0.23157423519019488,1.6684719053620305,0.1558699057611147,-1.1126511267597,1.2334952539757889,-0.40539303634247775,-0.3131352262499696,0.48685519569110913,-0.14542608156574355,-0.5984569764668172,0.1820693425364069,-1.7556091757513237,-1.76015865011729,0.7328278352973431,0.19185923498265078
41.333850145339966,Phase_3_Arc_Pivot,0.024577850262760503,-0.598513578264426,0.2328088987667208,6.461730308621848,2.298802148369427,-2.059529541535441,5.67695387787827,-0.3302853114886515,-0.12987717607306448,0.5473983432291311,-0.1472415864507352,-0.598513578264426,0.18199991562630627,-1.7557120583183201,-1.7600845910370753,0.7331096167467864,0.19185923498265078
41.435153007507324,Phase_3_Arc_Pivot,0.023256559330348724,-0.5985164646249806,0.23402863590438153,8.646311990059157,3.617663166481464,-1.4868310604288373,7.711067218035913,-0.34135138986485014,0.06953384139740858,0.5124145270434507,-0.14903836463026884,-0.5985164646249806,0.18192810624938258,-1.755784709044512,-1.7600548991657161,0.7333201272315755,0.19185923498265078
41.53749394416809,Phase_3_Arc_Pivot,0.021808023249928664,-0.598500535194072,0.23533952029022057,7.5374949045699,3.7402922516117956,-1.3029917873330366,6.412975573873069,-0.35231760332920103,0.06321495527875433,0.5357974147489449,-0.15098956955410558,-0.598500535194072,0.18183077180270252,-1.7557674424559144,-1.7600956203185874,0.7332578859440557,0.19185923498265078
41.63935852050781,Phase_3_Arc_Pivot,0.020352752751208972,-0.5984858004977309,0.2366743177963651,8.39218342760298,3.4614359976188305,-1.454656859053807,7.505409844860595,-0.3527632069143795,0.08184991960167096,0.5250378582043386,-0.1529624455603167,-0.5984858004977309,0.1817455845327028,-1.7556993635226512,-1.7600830212458445,0.7332241912310286,0.19185923498265078
41.741575479507446,Phase_3_Arc_Pivot,0.01888406096448889,-0.5984809302299104,0.23791912778849883,8.174383243190489,3.872422826121185,-1.4824574116781735,7.0446577549835245,-0.3509729840176226,0.10063854671925114,0.48728349574699215,-0.154881181068906,-0.5984809302299104,0.18158727619756657,-1.7556851055917264,-1.7601079703122753,0.7331984000661617,0.19185923498265078
41.84232497215271,Phase_3_Arc_Pivot,0.017435710363244167,-0.5984489612699614,0.2392185085670359,8.923416974942299,3.907326530937084,-1.801938326831675,7.817492446789993,-0.3473457966773637,0.1530934430394809,0.5474040335321029,-0.15682412056042877,-0.5984489612699614,0.18148193862573783,-1.755683084789051,-1.76007089292572,0.733192539700492,0.19185923498265078
41.94235920906067,Phase_3_Arc_Pivot,0.015979545232415744,-0.5984661301034795,0.24053852755142968,8.242657850125372,3.002728610511394,-1.1872876700606736,7.583889326353044,-0.3382051572832686,0.08806677693350566,0.5183158256755368,-0.15878717917412477,-0.5984661301034795,0.18138566876236148,-1.7557637627285412,-1.760044081437389,0.7332082198844608,0.19185923498265078
42.044413328170776,Phase_3_Arc_Pivot,0.014466330793972066,-0.5984554065625655,0.24182861914136167,8.999240872833536,3.506622602692388,-1.5353231473487323,8.14448998051933,-0.33760354674654836,0.16372483913638367,0.5056246548554871,-0.16076941587653032,-0.5984554065625655,0.1812278970831412,-1.7557576165844493,-1.7600246712082976,0.7332582091097232,0.19185923498265078
42.14534902572632,Phase_3_Arc_Pivot,0.012948795609398694,-0.5984355203060348,0.24314202314546188,8.688924616433908,3.171841630514333,-1.3884841543910353,7.969249865201387,-0.3454658848669647,0.14306212450116074,0.5139176761479457,-0.16277119217396815,-0.5984355203060348,0.181083554541177,-1.7556605714266702,-1.76009203134259,0.7331865813673529,0.19185923498265078
42.24775791168213,Phase_3_Arc_Pivot,0.011354948117488033,-0.5984243422714052,0.24447884518345075,8.334014787560355,3.100215889348441,-1.294145981212764,7.626903047634536,-0.350042515126334,0.15048082535713206,0.528002490496519,-0.1648434884719769,-0.5984243422714052,0.18090181009977135,-1.7556722095080668,-1.7600519163676942,0.7330984471555646,0.19185923498265078
42.35005712509155,Phase_3_Arc_Pivot,0.009790576530492373,-0.5984371868686521,0.2457726640652743,8.53481358210754,2.8445915441947873,-1.225430145402833,7.952965659850472,-0.34417579784502583,0.14874621242685634,0.5118029251123567,-0.16686453433440174,-0.5984371868686521,0.1807105004472758,-1.7557222694874826,-1.760054228684589,0.733071426149169,0.19185923498265078
42.45018196105957,Phase_3_Arc_Pivot,0.008297827258378082,-0.5984591596897475,0.24702597750914423,8.122816851175735,2.5755617864057747,-0.4653004428403761,7.689611861468908,-0.3462634774394479,0.1057218362289203,0.4752713978218708,-0.16880629390243773,-0.5984591596897475,0.1805411937494652,-1.755691462206104,-1.7601002521552591,0.7331999530826172,0.19185923498265078
42.55019450187683,Phase_3_Arc_Pivot,0.0067467647814348315,-0.5984525732218579,0.2482394478543848,8.510205598568263,2.806514019239799,-1.5942050760317958,7.874362740264606,-0.3392314342357897,0.16392839721762517,0.5046292253252884,-0.17076111380781667,-0.5984525732218579,0.18030248006386299,-1.7557242540732374,-1.7601060683781355,0.7332270176626349,0.19185923498265078
42.651962995529175,Phase_3_Arc_Pivot,0.00510000453781211,-0.5984331193404012,0.24953836847518718,8.915209656590863,2.4192477730005537,-1.605422118797074,8.42916503897509,-0.346053189621075,0.21848946752219178,0.5049926119923872,-0.17284402472226312,-0.5984331193404012,0.18005652030780137,-1.7556600547786017,-1.760072885699505,0.7331434203137132,0.19185923498265078
42.75340557098389,Phase_3_Arc_Pivot,0.0034672844508838326,-0.5984337512916545,0.25082097559285826,8.737356224450584,2.2862719142558237,-0.9460070877514863,8.379703164012096,-0.3487709242970155,0.20997425391749736,0.47277191358028087,-0.17490547235801296,-0.5984337512916545,0.17980895305305825,-1.755744891893477,-1.760065800451645,0.7331321627692874,0.19185923498265078
42.85346293449402,Phase_3_Arc_Pivot,0.001889765102788458,-0.598444889426368,0.2520150201812114,8.302108301829222,1.8913377277172216,-1.0790039310512274,8.011466430797244,-0.3384579311140018,0.20831837274149892,0.4604812091441261,-0.17686526401196778,-0.598444889426368,0.17953779545003062,-1.7556501961469742,-1.760148672760701,0.7331566839381922,0.19185923498265078
42.954267263412476,Phase_3_Arc_Pivot,0.0002461980488063875,-0.5984405382388692,0.2532510071552233,8.566791901932145,1.8778473178788797,-0.942427108470351,8.305145639118287,-0.35318912854213014,0.20685965199876663,0.4487317716126527,-0.17890141619195538,-0.5984405382388692,0.17924959281160718,-1.7557136396306365,-1.7600436578643315,0.7331876497986176,0.19185923498265078
43.0549852848053,Phase_3_Arc_Pivot,-0.0013715272454928912,-0.5984426154077945,0.25443499514132284,8.437604472543285,1.7816517644452854,-1.0343585609613972,8.182236160897418,-0.34946839852218037,0.20491046927154832,0.48469027018314903,-0.18088252665146576,-0.5984426154077945,0.17894289421972553,-1.755722538179576,-1.7600669946882712,0.7332128696297041,0.19185923498265078
43.15737175941467,Phase_3_Arc_Pivot,-0.003101018389876417,-0.5984115670961144,0.255670338833702,8.34017858808787,1.6565627761127193,-1.0843105678599865,8.101768278741638,-0.3599259789947469,0.2552644576958935,0.4804115627185513,-0.18297898146963879,-0.5984115670961144,0.1785934792055072,-1.755687456209069,-1.7600699291436317,0.7331236500270325,0.19185923498265078
43.25953722000122,Phase_3_Arc_Pivot,-0.004780747861249897,-0.5984269610813846,0.2568368036562892,8.526083781929529,1.4295034719618005,-1.2270304414522295,8.315348505978594,-0.35035973468041975,0.2438944033947747,0.41243703647524377,-0.18499154475547283,-0.5984269610813846,0.17823054629180707,-1.7556464436587116,-1.760119627885605,0.7331437096429033,0.19185923498265078
43.3606960773468,Phase_3_Arc_Pivot,-0.006446965545064695,-0.5984385269501293,0.25799893007008606,8.187064612449422,1.1447995049595434,-0.9169093943190427,8.05460974998016,-0.3333675242258259,0.21731523106502929,0.4237306682321075,-0.18699148604642296,-0.5984385269501293,0.17787409993644046,-1.7557504310710264,-1.760042918651001,0.7332604922831143,0.19185923498265078
43.46158838272095,Phase_3_Arc_Pivot,-0.008167745947787608,-0.598432209432996,0.2591118671936375,8.448503757725668,1.0858828066677093,-0.9274525088629926,8.326938580192119,-0.33690870248046473,0.23909450486682243,0.42347084556286496,-0.18899522692521875,-0.598432209432996,0.17744428983183966,-1.7558371642508943,-1.7600296113293954,0.7332830476549596,0.19185923498265078
43.56163692474365,Phase_3_Arc_Pivot,-0.009851829245574217,-0.5984275057501519,0.2602187181780708,8.482549134036347,0.930516023707505,-1.2226405031857408,8.342237705851714,-0.33666107414261237,0.25624852131848697,0.4423061029194643,-0.19096871548202243,-0.5984275057501519,0.17703612494874751,-1.7557136856249402,-1.7601213467257508,0.7332691669999658,0.19185923498265078
43.66207027435303,Phase_3_Arc_Pivot,-0.011564601319168815,-0.59846269743547,0.26133895093758386,8.83950733706617,0.9235966490711264,-0.44508923230471414,8.7798493590242,-0.3372375861554174,0.30586959750497944,0.38759035434751676,-0.19297195241064713,-0.59846269743547,0.17661713638164084,-1.755761123390785,-1.7600568216082098,0.733357775285843,0.19185923498265078
43.76276445388794,Phase_3_Arc_Pivot,-0.01334848066992699,-0.5984226283960008,0.2624649821127812,8.860045033391089,0.4113299031494382,-0.9795327360821058,8.796119674233445,-0.3637146480483331,0.31960049311965166,0.41968157874641315,-0.19502956987619638,-0.5984226283960008,0.17615196747571057,-1.7557122057737988,-1.7600586363372879,0.7331925871130981,0.19185923498265078
43.863685131073,Phase_3_Arc_Pivot,-0.015124029774779236,-0.5984046862085575,0.2635525797028804,8.514202885437223,0.21043530535825253,-0.7885679172597025,8.474994300677436,-0.3514410469002053,0.29132578889979527,0.39532088964613527,-0.19705412031972838,-0.5984046862085575,0.1756655122945011,-1.7557176361546774,-1.7600433075787096,0.7331970452555945,0.19185923498265078
43.964279890060425,Phase_3_Arc_Pivot,-0.016857751847055912,-0.5984504602067141,0.2645852126622508,8.564267252799818,0.41708279170637125,-1.2999863713268407,8.454747243803698,-0.3333212307034024,0.32337218219219604,0.3771098532747602,-0.1990102287217756,-0.5984504602067141,0.17516976742854906,-1.7557141125585256,-1.7601290890918142,0.73324727738265,0.19185923498265078
44.06612730026245,Phase_3_Arc_Pivot,-0.01867980569671063,-0.5984549484277741,0.2656556335932198,9.001787795581777,0.547099298985463,-0.931492887502835,8.936732449517905,-0.3321906585568348,0.34779548882613326,0.3589678329030388,-0.20105551725356569,-0.5984549484277741,0.17463828269478335,-1.755717145375149,-1.7600727417270663,0.733237601532243,0.19185923498265078
44.1682505607605,Phase_3_Arc_Pivot,-0.020487919973585053,-0.5984263767014615,0.2666973666247379,8.25266674029645,0.009575345179961057,-0.6680606917249463,8.225576669834881,-0.3367899990408615,0.2739314210027413,0.3470110785607419,-0.20307066361067627,-0.5984263767014615,0.17409636931921768,-1.755737724201011,-1.7600828429966695,0.7332250234985309,0.19185923498265078
44.27023100852966,Phase_3_Arc_Pivot,-0.022339277828190864,-0.5984187098528099,0.2677227286268082,8.552205427371389,-0.0501996267816762,-1.426862930866029,8.432185947069243,-0.3291088691993763,0.28457943926931784,0.38283398085936754,-0.20510481172890593,-0.5984187098528099,0.17351230205065785,-1.7557726608889603,-1.7600332581426181,0.7332021496321544,0.19185923498265078
44.37165904045105,Phase_3_Arc_Pivot,-0.02414191166933206,-0.5984450944627127,0.2687259479697698,8.888717193377335,-0.17453455757438804,-0.8488735076148429,8.846369017858335,-0.34256481281418427,0.3611533160257112,0.35619992336417655,-0.20708884954239887,-0.5984450944627127,0.17294703063801622,-1.7557112917448827,-1.7600846737066498,0.7332984691058151,0.19185923498265078
44.472480058670044,Phase_3_Arc_Pivot,-0.02601185782023007,-0.5984248920275851,0.2696984044457196,8.8162535793674,-0.32091883762999723,-0.6011203894866155,8.789880121634548,-0.3476994269142059,0.3835451209130198,0.3565047683731478,-0.20909873171470544,-0.5984248920275851,0.17231240960281544,-1.7557075239775353,-1.7600478730274784,0.733164195439848,0.19185923498265078
44.572596311569214,Phase_3_Arc_Pivot,-0.027798891815129834,-0.5984412707715625,0.2706625571255445,8.870038911667187,-0.526360867271007,-1.1764097027643956,8.775909909698113,-0.333001387130051,0.3663282529766189,0.35692500424115864,-0.2110441144687133,-0.5984412707715625,0.17173054464481427,-1.7557491462196533,-1.7600361197049061,0.7332683465511122,0.19185923498265078
44.673362255096436,Phase_3_Arc_Pivot,-0.029709557246870043,-0.5984132628678023,0.2716081182138856,9.167362321977038,-0.5270572532896767,-1.0628089623298997,9.090279407353231,-0.34191036507102496,0.3907555898228747,0.3575512040029034,-0.21306377160966766,-0.5984132628678023,0.17104811281904422,-1.7557329174725944,-1.7600262348897293,0.733180437331692,0.19185923498265078
44.77508330345154,Phase_3_Arc_Pivot,-0.0315673034309426,-0.5984116764698717,0.272543312878128,8.629794697485497,-0.19181193548000097,-1.0888734643243452,8.558675089103833,-0.336403527779226,0.33739938918451534,0.3609814400107419,-0.21503867902296409,-0.5984116764698717,0.17039577038337836,-1.755743640737609,-1.760070561904856,0.7331477064011673,0.19185923498265078
44.87555170059204,Phase_3_Arc_Pivot,-0.033443018292242443,-0.5984180160592749,0.2734488293263192,9.040220908470701,-0.6423854126214245,-0.6971017499486682,8.990382873149537,-0.3478136964445096,0.4078916113434114,0.3496053873146597,-0.21700530654195355,-0.5984180160592749,0.1697097365063728,-1.7555925427714334,-1.7601441642002094,0.7331016049965438,0.19185923498265078
44.977224349975586,Phase_3_Arc_Pivot,-0.035347332322893506,-0.5984422875770034,0.27440183887012753,8.706869463322843,-0.9702741704100241,-0.9971474829946532,8.59498928345675,-0.3422233507650659,0.3646228216704567,0.35193511574804504,-0.21902573941749798,-0.5984422875770034,0.16903706265275312,-1.7557208183525488,-1.7600937454593668,0.7331709958429548,0.19185923498265078
45.07827830314636,Phase_3_Arc_Pivot,-0.037219666154095936,-0.5984303993858259,0.27525138839767216,9.060996700896343,-1.2213988455331035,-0.9750297925686193,8.92519820381533,-0.34452182821103056,0.3671236074302706,0.3505258778181623,-0.22095040159806684,-0.5984303993858259,0.16831384493594553,-1.7556985947730537,-1.7600771479135957,0.7331833760697799,0.19185923498265078
45.17885494232178,Phase_3_Arc_Pivot,-0.03911854998109513,-0.598421606636351,0.27609631556080977,8.500236469545955,-1.306936995321175,-0.8021313034836964,8.360772757373057,-0.3386386786056368,0.3587787230340579,0.33104377490067216,-0.22289056895548673,-0.598421606636351,0.16756858503185226,-1.7556936093158517,-1.7600395620901383,0.7331718475374227,0.19185923498265078
45.27938199043274,Phase_3_Arc_Pivot,-0.041014786817245776,-0.5984383961763747,0.27690226011800023,8.990682432904796,-1.3521399093475028,-0.8528474522765178,8.847414283169861,-0.33773932153353303,0.4273820162741025,0.29478044144167964,-0.22480129974271437,-0.5984383961763747,0.1667976319679242,-1.7557543988429816,-1.7600113817433083,0.7332685106707975,0.19185923498265078
45.38049936294556,Phase_3_Arc_Pivot,-0.04293828258268401,-0.5984029778891236,0.27767944122634386,9.514348781264033,-1.5561727339400862,-1.2453996751674887,9.303232707117163,-0.3395205205358697,0.46762353057269257,0.3249160492527073,-0.22671096667395918,-0.5984029778891236,0.16598706510051903,-1.7556897039957058,-1.7600361896799634,0.7331550256943022,0.19185923498265078
45.481462478637695,Phase_3_Arc_Pivot,-0.0448749898606228,-0.5984208937115009,0.2784980239430408,8.568128917962637,-1.5988047644806784,-1.1222545563126884,8.34249370336813,-0.33586898576077434,0.383085452211656,0.3152999341790115,-0.22865925091330158,-0.5984208937115009,0.16519643164105371,-1.7556747301793356,-1.7601184506902379,0.7331367872315401,0.19185923498265078
45.582987785339355,Phase_3_Arc_Pivot,-0.04679180174366274,-0.5984386738494174,0.27928002888172054,9.62950111968244,-1.4006245455624737,-1.1796272147650764,9.4537834928942,-0.3353052692954064,0.4827419863890104,0.31901793997466404,-0.23056760258911987,-0.5984386738494174,0.16439400195535903,-1.755662115195008,-1.7600869215926962,0.7332128765515273,0.19185923498265078
45.68544912338257,Phase_3_Arc_Pivot,-0.048800713918121026,-0.5984422208422848,0.28004548761204506,9.522862415556064,-1.7301541685015212,-0.5772508427692792,9.346563892861871,-0.35212077559634797,0.49379602592272775,0.28893422105533395,-0.23252937906941845,-0.5984422208422848,0.16351474759292225,-1.7556783514242396,-1.7600888435571094,0.7331670850940628,0.19185923498265078
45.786701679229736,Phase_3_Arc_Pivot,-0.0507010159468194,-0.5984540878926743,0.28076402933896066,8.87465804123308,-1.9578904569569844,-0.4125829149209449,8.646154963085907,-0.34769274314516396,0.40093331193478493,0.28166155816054733,-0.23438118124788115,-0.5984540878926743,0.1626791168697946,-1.7557282709455195,-1.7600749634453718,0.7332401737635594,0.19185923498265078
45.88811898231506,Phase_3_Arc_Pivot,-0.052654647890112705,-0.5984347497361695,0.281482666584478,8.989361234714133,-2.153898495329566,-0.9716011146650889,8.673253596775536,-0.3515821183053105,0.43111989806057194,0.32481041308429387,-0.23627076091244503,-0.5984347497361695,0.1618058437442678,-1.7556946936727076,-1.7601334714553145,0.7332251377448349,0.19185923498265078
45.98873281478882,Phase_3_Arc_Pivot,-0.05463321489563656,-0.5984585904434002,0.28215972108845505,9.655056757141587,-2.6070190650052885,-1.6183063916249953,9.15448835277811,-0.3371569826275275,0.5204933219558547,0.30231603218500325,-0.23814856889007796,-0.5984585904434002,0.16088553542862497,-1.7557376884841709,-1.7600804829560688,0.7332123385778085,0.19185923498265078
46.08934831619263,Phase_3_Arc_Pivot,-0.056625076439267376,-0.5984223800089948,0.2828725457075842,9.932121447124903,-3.0802611379025113,-0.6823985293490676,9.4177152223832,-0.34806848352071956,0.5453154311826081,0.2522476834976629,-0.24006107081674696,-0.5984223800089948,0.15998111974592186,-1.7556920274979204,-1.7600137394979538,0.7332187126902653,0.19185923498265078
46.189361333847046,Phase_3_Arc_Pivot,-0.05858482027808112,-0.5984294623446541,0.2835062671667727,9.123139853081524,-2.3905582589554317,-0.9200433365449521,8.756165384933269,-0.34969958216170466,0.4514014250596445,0.27595239454454273,-0.24189492771573634,-0.5984294623446541,0.15904348032928373,-1.7556733928800508,-1.760115122686308,0.7331142093462094,0.19185923498265078
46.28971004486084,Phase_3_Arc_Pivot,-0.06048841150547413,-0.5984459129412633,0.28413579422839275,9.452967813633078,-2.6631130664941174,-1.4190758328570023,8.958384511799682,-0.3487116578483381,0.4449621800828141,0.31190708975611026,-0.24368611283544514,-0.5984459129412633,0.15814258091799888,-1.7556813698636093,-1.7601387674807716,0.7332616627548211,0.19185923498265078
46.3917818069458,Phase_3_Arc_Pivot,-0.06255365716520754,-0.5983983153163218,0.2847376357037508,9.548505075573088,-2.5792067105811425,-0.6566802347822488,9.170082496443777,-0.35995291236061455,0.4968726047559925,0.2930939675215786,-0.24557202823468371,-0.5983983153163218,0.15710779789561033,-1.755659779628144,-1.760074300591713,0.7331262855891637,0.19185923498265078
46.49353885650635,Phase_3_Arc_Pivot,-0.06456230299802145,-0.5984098141180016,0.28535270908192517,9.939163875146834,-2.899801700475798,-0.5802899809097346,9.489014288797192,-0.3706612457187613,0.4910463265107799,0.29477920538109204,-0.24742727788070296,-0.5984098141180016,0.1561223933628599,-1.7557198861447982,-1.7600379351650874,0.7331474510779465,0.19185923498265078
46.595333099365234,Phase_3_Arc_Pivot,-0.06656692351976562,-0.5984299310309171,0.2859543881198337,9.620100719900226,-2.8531577814155336,-0.5850519995113037,9.168617272699338,-0.3676304123667903,0.4950458912519774,0.2903576711363221,-0.24927020997313687,-0.5984299310309171,0.1551303639260318,-1.755679100306292,-1.760031070248789,0.7331694956081004,0.19185923498265078
46.6969780921936,Phase_3_Arc_Pivot,-0.06854303198245061,-0.5984247132150249,0.28647382704807206,10.18089612543229,-3.1547472065159132,-0.7671166523051061,9.649339253108392,-0.3732349747660783,0.5126687234998228,0.2729090121523695,-0.2510348284560312,-0.5984247132150249,0.15410034302027675,-1.755684459990896,-1.7600813451643,0.7331437235812133,0.19185923498265078
46.79831671714783,Phase_3_Arc_Pivot,-0.07054334955181801,-0.5984135125548812,0.287027199326056,9.931736818227405,-3.197396213394314,-0.9517266908161167,9.354692404728961,-0.36556685465785754,0.5325306998544618,0.2805242708958074,-0.25284055986414056,-0.5984135125548812,0.15307719819273355,-1.7557171654186672,-1.7600305978001294,0.733202911649753,0.19185923498265078
46.89934253692627,Phase_3_Arc_Pivot,-0.0725460556064193,-0.598449757375749,0.28755836780993527,9.822580495209213,-3.4196951464841607,-1.0469145578028525,9.148373767978525,-0.35930219877108327,0.49775375110035297,0.2702113375381456,-0.2546322797329761,-0.598449757375749,0.1520366639977052,-1.7557628107766703,-1.7600457697906604,0.7332594615725484,0.19185923498265078
47.00166702270508,Phase_3_Arc_Pivot,-0.07459120582769938,-0.5984189795636933,0.28806500705768673,9.914210194415249,-3.219039614818511,-1.0294814657732823,9.320381733003517,-0.37085109919833015,0.540368724132762,0.2748155577030261,-0.2564366673706887,-0.5984189795636933,0.15094877245539323,-1.7557541648201125,-1.7599743278231337,0.7332438224518912,0.19185923498265078
47.10399580001831,Phase_3_Arc_Pivot,-0.07663191630678509,-0.598405528142572,0.2884972362704605,9.630716428505467,-3.30966376945318,-0.6837140739416534,9.018279199744715,-0.3835879669329502,0.49884566305130973,0.2740059798081369,-0.2581852997962679,-0.598405528142572,0.14981140444457253,-1.7556612175430926,-1.7601191692046418,0.7331140342512944,0.19185923498265078
47.20492148399353,Phase_3_Arc_Pivot,-0.07861087211712314,-0.5984299935157296,0.2889867108013948,9.878877954419774,-3.503124953004031,-0.9525590485976069,9.18765347958315,-0.376407502121084,0.4695940128266772,0.2796933695598683,-0.2599307436294682,-0.5984299935157296,0.14875818213145572,-1.75570360021481,-1.760023654747274,0.7332401992140005,0.19185923498265078
47.306416034698486,Phase_3_Arc_Pivot,-0.08062435218867671,-0.5984573763005051,0.2893810587094334,9.949170056928901,-3.5181480141033457,-0.7099541257306425,9.279255601173478,-0.38547510744048147,0.5369921908131565,0.29892520392997146,-0.26163333512176856,-0.5984573763005051,0.14761328279899708,-1.7557485864932183,-1.7600673775486428,0.7332758662824624,0.19185923498265078
47.40768218040466,Phase_3_Arc_Pivot,-0.08269494519145033,-0.5984253377977723,0.28981145546407017,10.390784322171058,-3.9002661193160755,-0.24024264406281676,9.628011554852055,-0.39561340504223663,0.5739416046468283,0.27680176725593847,-0.2634018019389115,-0.5984253377977723,0.14645348890946272,-1.7557487523555566,-1.7599920531959696,0.733229577203295,0.19185923498265078
47.50884461402893,Phase_3_Arc_Pivot,-0.08508648152537066,-0.5984143788406542,0.2902431159552316,11.347254890872208,-5.067369008997565,-0.11556662707621033,10.1522711370304,-0.412506549380585,0.6934326583947483,0.2343107808064179,-0.2653981035585512,-0.5984143788406542,0.14506764741076425,-1.7557377561112433,-1.760027932558865,0.7331903271577902,0.19185923498265078
47.610459327697754,Phase_3_Arc_Pivot,-0.08711032843151274,-0.598441386301528,0.2906540541835278,10.275365733220537,-3.821056188551216,-0.6688082268959848,9.51500741518437,-0.38589577972947325,0.5936701394254719,0.25037652652291664,-0.2671197566378447,-0.598441386301528,0.1439271487472248,-1.7557742329661339,-1.7600094068110483,0.7333124394542598,0.19185923498265078
47.71058201789856,Phase_3_Arc_Pivot,-0.08916172218315334,-0.5984295919128543,0.290972754141869,10.912914435425115,-3.8840868581139025,-1.3142830396837106,10.113270037190567,-0.39710539705336667,0.6463422725173178,0.295271996295052,-0.2687956659722204,-0.5984295919128543,0.14270194921626292,-1.7556797625529459,-1.7600268592491752,0.7331738287827719,0.19185923498265078
48.808146953582764,Phase_3_Final_Insertion,-0.0909007803537929,-0.598428739026837,0.29132366048853725,0.8514731065759826,0.5751918010066019,-0.44098680381202693,0.44686852892163836,-0.015814128700656786,0.021238132012786126,0.013382247563948657,-0.270273494054848,-0.598428739026837,0.14172037764821632,-1.7556736056025444,-1.7601037247837825,0.7331431733095631,0.19185923498265078
48.9087347984314,Phase_3_Final_Insertion,-0.09089145763693865,-0.5984240331994617,0.2897490039885259,3.0224331146409162,0.6962176753600576,-0.512806454841274,2.896102971385402,0.20966367468198235,0.3449616686015379,0.13107616827377094,-0.2691534516093438,-0.5984240331994617,0.14061351951532555,-1.7557127841743738,-1.7600594811638803,0.7332310159888329,0.19185923498265078
49.009379148483276,Phase_3_Final_Insertion,-0.09086598301192227,-0.5984371373311825,0.28775853954732605,4.920118222320203,1.5825969624468876,-2.1551816491532554,4.130150388934312,0.0975499578255133,0.44898185707582683,0.350503452260043,-0.2677279674251634,-0.5984371373311825,0.13922406189133973,-1.7557585691420385,-1.7600561682657232,0.7332891401979876,0.19185923498265078
49.11143159866333,Phase_3_Final_Insertion,-0.09087690753084626,-0.598461703028426,0.2859947464774118,9.897057715784747,2.250048003496447,-2.7658501581473494,9.232502819615727,-0.12804476289937788,1.2238226026700871,0.675846922996114,-0.26648850218622955,-0.598461703028426,0.13796914704958116,-1.7557915216010824,-1.7598998985003371,0.7334601625099523,0.19185923498265078
49.211702823638916,Phase_3_Final_Insertion,-0.090937156225358,-0.5984108342592138,0.2838268715905292,2.513282960968169,0.6859759588804575,-2.1803674214108533,1.0450005422874906,-0.14779842320074435,-0.029000017357962544,0.5540639055109066,-0.26499818541339776,-0.5984108342592138,0.1363936257558556,-1.7555254057752532,-1.7603668165397244,0.7328232255018309,0.19185923498265078
49.312500953674316,Phase_3_Final_Insertion,-0.09093472945393075,-0.5984125960015527,0.28197726877110874,2.745491666436336,0.39060778815805336,-2.3543729607150805,1.3572317444546262,-0.1072420068888102,-0.015043289198285195,0.5241142911624647,-0.2636886027307512,-0.5984125960015527,0.13508747504627422,-1.7556740753729188,-1.7601055889209938,0.7330324105346174,0.19185923498265078
49.41254663467407,Phase_3_Final_Insertion,-0.09088870150187106,-0.5984235111198984,0.27999267368851016,2.3748765248101176,0.40746631015371804,-2.3365104668188454,0.12136124846867968,-0.0975144047711894,-0.10449038478136839,0.5235304385061094,-0.2622527354129107,-0.5984235111198984,0.1337167010824848,-1.7557178432143228,-1.7601177581393728,0.7331296474586221,0.19185923498265078
49.51365327835083,Phase_3_Final_Insertion,-0.0908969399352617,-0.5984158916589164,0.27796640753614743,2.3991954922726606,0.4294755106472681,-2.2795163730555763,0.612776387328423,-0.08612087024656605,-0.09752149364772507,0.4982820865837468,-0.26082577432820314,-0.5984158916589164,0.13227808909354347,-1.7557023322711336,-1.7601253001273125,0.7330918477140238,0.19185923498265078
49.614776849746704,Phase_3_Final_Insertion,-0.09087425213225325,-0.5984501923596335,0.2759999729178236,3.1201465056025652,0.37426219161826485,-2.728324836698627,1.4667943324823702,-0.08895857501644219,0.039297788423196776,0.524482280980166,-0.25941925237546887,-0.5984501923596335,0.13090365253952418,-1.7557229670348942,-1.7600934705435218,0.7332199591235766,0.19185923498265078
49.71615743637085,Phase_3_Final_Insertion,-0.09084272531673933,-0.5984672891566674,0.2741932691125505,9.664561524350756,0.7353416090648698,-1.6418700357531457,9.495645578981708,-0.12572505653700589,1.2191199702897426,0.5085339425465092,-0.25811942703812557,-0.5984672891566674,0.12964841285225914,-1.755773639788348,-1.7596706795833288,0.7336403677088466,0.19185923498265078
49.81846213340759,Phase_3_Final_Insertion,-0.09074321914419829,-0.5984857292243146,0.2732036063335225,24.049635400457227,1.8863288615245721,-0.32583468734730786,23.973330141589134,-0.06588199438462947,3.8415736411470083,0.5191442624856956,-0.2573492682866133,-0.5984857292243146,0.12901897707949422,-1.7559438689064186,-1.7591931837378827,0.7342132044911508,0.19185923498265078
49.91946768760681,Phase_3_Final_Insertion,-0.09074354635555483,-0.5985228605876657,0.2724698581579883,31.56917071883399,2.949282783018248,0.6684873113620832,31.423993948179557,-0.05626407345310783,5.378054132704325,0.4624682393599256,-0.2568306613493789,-0.5985228605876657,0.12849990739552164,-1.7563049627662528,-1.7593828496338393,0.7341407944561816,0.19185923498265078
50.019885301589966,Phase_3_Final_Insertion,-0.09087770503141263,-0.5984355657623648,0.27173382280859193,36.60046765907034,3.4435623037234064,1.0624472493664552,36.422620956835914,-0.1154211265693514,6.427261353684084,0.4380196261170829,-0.25640507027208176,-0.5984355657623648,0.1278845872993164,-1.7558303244087545,-1.759688368076851,0.7335691440852572,0.19185923498265078
